{
  "vortexRadius": 0.2160000056028366,
  "starburstAngle": 79.19999694824219
}